{
  "dataset": "research/datasets/20260628-normal-offset16-contrast-29task-weight0p25-routing.jsonl",
  "model": "research/models/20260627-mixed-winner-23task-heldout-hard-reward-t0p05-logits-router.json",
  "schema_version": "mempool.latency_slice_calibration.v1",
  "subsets": {
    "all": [
      {
        "change_rate": 0.0,
        "changed_from_top": 0,
        "latency_cost_per_second": 0.0,
        "mean_latency_ms": 4930.913793103448,
        "mean_latency_regret_ms": 744.9137931034483,
        "mean_target_latency_ms": 4368.551724137931,
        "min_probability_ratio": 0.0,
        "name": "no_calibration",
        "pass_at_1": 0.8275862068965517,
        "policy": "latency-calibrated-worker-choice",
        "solvable_pass_at_1": 0.9230769230769231,
        "target_accuracy": 0.6896551724137931,
        "task_count": 29
      },
      {
        "change_rate": 0.1724137931034483,
        "changed_from_top": 5,
        "latency_cost_per_second": 0.05,
        "mean_latency_ms": 4055.396551724138,
        "mean_latency_regret_ms": 508.17241379310343,
        "mean_target_latency_ms": 4368.551724137931,
        "min_probability_ratio": 0.0,
        "name": "mild_latency",
        "pass_at_1": 0.7241379310344828,
        "policy": "latency-calibrated-worker-choice",
        "solvable_pass_at_1": 0.8076923076923077,
        "target_accuracy": 0.6551724137931034,
        "task_count": 29
      },
      {
        "change_rate": 0.3103448275862069,
        "changed_from_top": 9,
        "latency_cost_per_second": 0.2,
        "mean_latency_ms": 3571.155172413793,
        "mean_latency_regret_ms": 23.93103448275862,
        "mean_target_latency_ms": 4368.551724137931,
        "min_probability_ratio": 0.0,
        "name": "strong_latency",
        "pass_at_1": 0.7241379310344828,
        "policy": "latency-calibrated-worker-choice",
        "solvable_pass_at_1": 0.8076923076923077,
        "target_accuracy": 0.7931034482758621,
        "task_count": 29
      },
      {
        "change_rate": 0.3448275862068966,
        "changed_from_top": 10,
        "latency_cost_per_second": 0.5,
        "mean_latency_ms": 3547.2241379310344,
        "mean_latency_regret_ms": 0.0,
        "mean_target_latency_ms": 4368.551724137931,
        "min_probability_ratio": 0.0,
        "name": "max_latency",
        "pass_at_1": 0.7241379310344828,
        "policy": "latency-calibrated-worker-choice",
        "solvable_pass_at_1": 0.8076923076923077,
        "target_accuracy": 0.8275862068965517,
        "task_count": 29
      }
    ],
    "all_pass_latency": [
      {
        "change_rate": 0.0,
        "changed_from_top": 0,
        "latency_cost_per_second": 0.0,
        "mean_latency_ms": 7986.833333333333,
        "mean_latency_regret_ms": 2736.0,
        "mean_target_latency_ms": 5250.833333333333,
        "min_probability_ratio": 0.0,
        "name": "no_calibration",
        "pass_at_1": 1.0,
        "policy": "latency-calibrated-worker-choice",
        "solvable_pass_at_1": 1.0,
        "target_accuracy": 0.0,
        "task_count": 6
      },
      {
        "change_rate": 0.16666666666666666,
        "changed_from_top": 1,
        "latency_cost_per_second": 0.05,
        "mean_latency_ms": 7707.0,
        "mean_latency_regret_ms": 2456.1666666666665,
        "mean_target_latency_ms": 5250.833333333333,
        "min_probability_ratio": 0.0,
        "name": "mild_latency",
        "pass_at_1": 1.0,
        "policy": "latency-calibrated-worker-choice",
        "solvable_pass_at_1": 1.0,
        "target_accuracy": 0.16666666666666666,
        "task_count": 6
      },
      {
        "change_rate": 0.8333333333333334,
        "changed_from_top": 5,
        "latency_cost_per_second": 0.2,
        "mean_latency_ms": 5366.5,
        "mean_latency_regret_ms": 115.66666666666667,
        "mean_target_latency_ms": 5250.833333333333,
        "min_probability_ratio": 0.0,
        "name": "strong_latency",
        "pass_at_1": 1.0,
        "policy": "latency-calibrated-worker-choice",
        "solvable_pass_at_1": 1.0,
        "target_accuracy": 0.8333333333333334,
        "task_count": 6
      },
      {
        "change_rate": 1.0,
        "changed_from_top": 6,
        "latency_cost_per_second": 0.5,
        "mean_latency_ms": 5250.833333333333,
        "mean_latency_regret_ms": 0.0,
        "mean_target_latency_ms": 5250.833333333333,
        "min_probability_ratio": 0.0,
        "name": "max_latency",
        "pass_at_1": 1.0,
        "policy": "latency-calibrated-worker-choice",
        "solvable_pass_at_1": 1.0,
        "target_accuracy": 1.0,
        "task_count": 6
      }
    ],
    "base": [
      {
        "change_rate": 0.0,
        "changed_from_top": 0,
        "latency_cost_per_second": 0.0,
        "mean_latency_ms": 4133.717391304348,
        "mean_latency_regret_ms": 225.5,
        "mean_target_latency_ms": 4138.391304347826,
        "min_probability_ratio": 0.0,
        "name": "no_calibration",
        "pass_at_1": 0.782608695652174,
        "policy": "latency-calibrated-worker-choice",
        "solvable_pass_at_1": 0.9,
        "target_accuracy": 0.8695652173913043,
        "task_count": 23
      },
      {
        "change_rate": 0.17391304347826086,
        "changed_from_top": 4,
        "latency_cost_per_second": 0.05,
        "mean_latency_ms": 3102.804347826087,
        "mean_latency_regret_ms": 0.0,
        "mean_target_latency_ms": 4138.391304347826,
        "min_probability_ratio": 0.0,
        "name": "mild_latency",
        "pass_at_1": 0.6521739130434783,
        "policy": "latency-calibrated-worker-choice",
        "solvable_pass_at_1": 0.75,
        "target_accuracy": 0.782608695652174,
        "task_count": 23
      },
      {
        "change_rate": 0.17391304347826086,
        "changed_from_top": 4,
        "latency_cost_per_second": 0.2,
        "mean_latency_ms": 3102.804347826087,
        "mean_latency_regret_ms": 0.0,
        "mean_target_latency_ms": 4138.391304347826,
        "min_probability_ratio": 0.0,
        "name": "strong_latency",
        "pass_at_1": 0.6521739130434783,
        "policy": "latency-calibrated-worker-choice",
        "solvable_pass_at_1": 0.75,
        "target_accuracy": 0.782608695652174,
        "task_count": 23
      },
      {
        "change_rate": 0.17391304347826086,
        "changed_from_top": 4,
        "latency_cost_per_second": 0.5,
        "mean_latency_ms": 3102.804347826087,
        "mean_latency_regret_ms": 0.0,
        "mean_target_latency_ms": 4138.391304347826,
        "min_probability_ratio": 0.0,
        "name": "max_latency",
        "pass_at_1": 0.6521739130434783,
        "policy": "latency-calibrated-worker-choice",
        "solvable_pass_at_1": 0.75,
        "target_accuracy": 0.782608695652174,
        "task_count": 23
      }
    ]
  }
}
